{"cameraMode":{"drawMode":0,"name":"Shaded","section":"Shading Mode"},"sceneLighting":true,"audioPlay":false,"sceneViewState":{"showFog":true,"showMaterialUpdate":false,"showSkybox":true,"showFlares":true,"showImageEffects":true,"showParticleSystems":true},"in2DMode":false,"pivot":{"x":-0.10627365112304688,"y":4.7462873458862309,"z":0.3591651916503906},"rotation":{"x":0.26434725522994997,"y":-0.24544402956962586,"z":0.06973527371883393,"w":0.9301195740699768},"size":61.90264129638672,"orthographic":false}