{"cameraMode":{"drawMode":0,"name":"Shaded","section":"Shading Mode"},"sceneLighting":true,"audioPlay":false,"sceneViewState":{"showFog":true,"showMaterialUpdate":false,"showSkybox":true,"showFlares":true,"showImageEffects":true,"showParticleSystems":true},"in2DMode":false,"pivot":{"x":-2.567546844482422,"y":0.0016412734985351563,"z":-2.133255958557129},"rotation":{"x":0.09216772019863129,"y":0.18265599012374879,"z":-0.017253344878554345,"w":0.9787563681602478},"size":40.62371826171875,"orthographic":false}